"Path","Algorithm","Hash"
"E:\ASUS-TUF-A15-Failure-Analysis-main\.gitignore","SHA256","3FBCEFFCEA65BA4170D59A9D01022C86F1D452EC22C37B550A3D004B3B4B44E5"
"E:\ASUS-TUF-A15-Failure-Analysis-main\Evidence_Package_2025-08-18_12-59-03.zip","SHA256","C81568D7161AC88870B56DFF26BD4DDF1DBC853111639660A907FF37C8075490"
"E:\ASUS-TUF-A15-Failure-Analysis-main\Evidence_Package_2025-08-18_16-41-41.zip","SHA256","FA5BD258E802E46E8194C254BFF5DAB1EC57F680DEF650CEC2AE95002C9AA8ED"
"E:\ASUS-TUF-A15-Failure-Analysis-main\Evidence_Package_2025-08-18_18-24-23.zip","SHA256","E0AEA751085F1C85836E21481F6468956C6695F277354B08DA717DE097AD4511"
"E:\ASUS-TUF-A15-Failure-Analysis-main\Evidence_Package_2025-08-18_20-13-39.zip","SHA256","FAF83B7724901456B93DB95CD7779CBD6D88E874960412E4BAE45E94BD743FE1"
"E:\ASUS-TUF-A15-Failure-Analysis-main\Evidence_Package_2025-08-18_22-58-26.zip","SHA256","56B1ADDBDB4B0AAC2CCE48585E95CA9BB6A7FC495808A780F624C399C63FED35"
"E:\ASUS-TUF-A15-Failure-Analysis-main\Evidence_Package_2025-08-18_23-49-18.zip","SHA256","2D5C9C7FDA780352E2D4AC29E052D8293FA679F8891EAF2759200DD5EC8B0096"
"E:\ASUS-TUF-A15-Failure-Analysis-main\Evidence_Package_2025-08-19_01-16-31.zip","SHA256","2D5C9C7FDA780352E2D4AC29E052D8293FA679F8891EAF2759200DD5EC8B0096"
"E:\ASUS-TUF-A15-Failure-Analysis-main\LICENSE","SHA256","02364158EA9EEF32D32D875D23232AE9A04CC7E463318EDD7FC9A8061A702F53"
"E:\ASUS-TUF-A15-Failure-Analysis-main\PRIVACY.md","SHA256","87498544595D6F03B634BEC1AE9CA2B5A670726642C7552B4D582A11DECB9F29"
"E:\ASUS-TUF-A15-Failure-Analysis-main\README.md","SHA256","78B858624080D776EE273BB622014576E70A82F9CF0C1BAFDF5B723907EAE5A7"
"E:\ASUS-TUF-A15-Failure-Analysis-main\SERVICE_BRIEF.md","SHA256","80C818D0281EDE41AC7527FFE01A69E580C839E274E5A46F7308438C153E4191"
"E:\ASUS-TUF-A15-Failure-Analysis-main\.github\.gitkeep","SHA256","01BA4719C80B6FE911B091A7C05124B64EEECE964E09C058EF8F9805DACA546B"
"E:\ASUS-TUF-A15-Failure-Analysis-main\.github\workflows\.gitkeep","SHA256","01BA4719C80B6FE911B091A7C05124B64EEECE964E09C058EF8F9805DACA546B"
"E:\ASUS-TUF-A15-Failure-Analysis-main\baseline\.gitkeep","SHA256","01BA4719C80B6FE911B091A7C05124B64EEECE964E09C058EF8F9805DACA546B"
"E:\ASUS-TUF-A15-Failure-Analysis-main\baseline\battery-report.html","SHA256","AD4BE446F7C2D45F4BB65D68A80909E6792CB005024337C8C26D2A859E944448"
"E:\ASUS-TUF-A15-Failure-Analysis-main\baseline\driver_versions.csv","SHA256","8B388BBB6AB0A48B93313470EA62637BF46C607B4BED22F627B3946988A5D63B"
"E:\ASUS-TUF-A15-Failure-Analysis-main\baseline\dxdiag.txt","SHA256","5F72439D588C513967A247DE940D9F5A509554B67E02FA3995B950CD03AEC060"
"E:\ASUS-TUF-A15-Failure-Analysis-main\baseline\energy-report.html","SHA256","087FF695738450E4F45BF841C387E5F7270CA6EB5C279D75DAE04B09FB97A983"
"E:\ASUS-TUF-A15-Failure-Analysis-main\baseline\gpu_presence_baseline.txt","SHA256","10E487F5C4F4C4683FD2E571AE94319C17089F28407426BD0FCD347B4EB46FE8"
"E:\ASUS-TUF-A15-Failure-Analysis-main\baseline\systeminfo.txt","SHA256","AFBE54736848043B2DA5764D5D7A351F9D76165F35AB4D696E953A8F428D1E81"
"E:\ASUS-TUF-A15-Failure-Analysis-main\Email_Screenshots\ASUS_Reply_Confirming_Secret_Diagnosis_Aug-18.png","SHA256","1C32E228CC710EAEDAB6F2BC229FFBCE6B5100F4FA17C0499611183C83C54089"
"E:\ASUS-TUF-A15-Failure-Analysis-main\Email_Screenshots\Email_Report_2_Post-Service-Failures_2025-08-17.png","SHA256","9552733970CC1D527DC312D95CC5DB12129C1C4D0D8435D35FB9D34AA1D0A033"
"E:\ASUS-TUF-A15-Failure-Analysis-main\Email_Screenshots\Initial_Complaint_with_Logs_Aug-16.png","SHA256","B1CEB45353FF98E06223E300CAE1A0A7F6DA49948504B7C5E9FD778E9F3BCC85"
"E:\ASUS-TUF-A15-Failure-Analysis-main\evidence\.gitkeep","SHA256","01BA4719C80B6FE911B091A7C05124B64EEECE964E09C058EF8F9805DACA546B"
"E:\ASUS-TUF-A15-Failure-Analysis-main\evidence\gpu_watchdog_log.csv","SHA256","5FA62248BBCE2B838C176F49C2DCE2E2DE4310503FC7E3A8864A3ECCE8E59EE4"
"E:\ASUS-TUF-A15-Failure-Analysis-main\evidence\HWiNFO_Thermal_Baseline_Pre-Crashes.CSV","SHA256","C90047E0C540A92BCC3085A561F4C68BD4011C47C361A32685E1C3C85972DD57"
"E:\ASUS-TUF-A15-Failure-Analysis-main\evidence\runs\.gitkeep","SHA256","01BA4719C80B6FE911B091A7C05124B64EEECE964E09C058EF8F9805DACA546B"
"E:\ASUS-TUF-A15-Failure-Analysis-main\evidence\runs\2025-08-18_09-34-17\Application_Log_2025-08-18_09-34-17.evtx","SHA256","E7ACBC21EA8E06EDEE946E49DCB8239F547A849A968A0B9D6E379078F0940AF4"
"E:\ASUS-TUF-A15-Failure-Analysis-main\evidence\runs\2025-08-18_09-34-17\setupapi.dev.log","SHA256","41EE23AFFB1A8C8B2629668B29EDEAFC02FA22B143D095AF9EEFAF126C85B4F4"
"E:\ASUS-TUF-A15-Failure-Analysis-main\evidence\runs\2025-08-18_09-34-17\system_critical_shutdowns_2025-08-18_09-34-17.csv","SHA256","E1C7314645A5018D784C8047398D8F58673D983516A1CBFED903D0A210005B82"
"E:\ASUS-TUF-A15-Failure-Analysis-main\evidence\runs\2025-08-18_09-34-17\system_display_errors_2025-08-18_09-34-17.csv","SHA256","F1945CD6C19E56B3C1C78943EF5EC18116907A4CA1EFC40A57D48AB1DB7ADFC5"
"E:\ASUS-TUF-A15-Failure-Analysis-main\evidence\runs\2025-08-18_09-34-17\System_Log_2025-08-18_09-34-17.evtx","SHA256","4008142E8866CA644E0F530E3016AC0C90E898DEEB012400BFD2ABC96C261DCB"
"E:\ASUS-TUF-A15-Failure-Analysis-main\evidence\runs\2025-08-18_09-34-17\system_nvlddmkm_errors_2025-08-18_09-34-17.csv","SHA256","F1945CD6C19E56B3C1C78943EF5EC18116907A4CA1EFC40A57D48AB1DB7ADFC5"
"E:\ASUS-TUF-A15-Failure-Analysis-main\evidence\runs\2025-08-18_09-34-17\system_whea_errors_2025-08-18_09-34-17.csv","SHA256","F1945CD6C19E56B3C1C78943EF5EC18116907A4CA1EFC40A57D48AB1DB7ADFC5"
"E:\ASUS-TUF-A15-Failure-Analysis-main\evidence\runs\2025-08-18_09-34-17\timeline.md","SHA256","A8061F96A07D9C102F69E8D993CD03FBFF3D0B0CF68EDE4C5093880034C9A0E4"
"E:\ASUS-TUF-A15-Failure-Analysis-main\evidence\runs\2025-08-18_15-47-27\Application_Log_2025-08-18_15-47-27.evtx","SHA256","6A0DA0FE08F17F9416E275ECA85035ADDA9091AD0D1C5CE43009643B93E13411"
"E:\ASUS-TUF-A15-Failure-Analysis-main\evidence\runs\2025-08-18_15-47-27\setupapi.dev.log","SHA256","41EE23AFFB1A8C8B2629668B29EDEAFC02FA22B143D095AF9EEFAF126C85B4F4"
"E:\ASUS-TUF-A15-Failure-Analysis-main\evidence\runs\2025-08-18_15-47-27\system_critical_shutdowns_2025-08-18_15-47-27.csv","SHA256","2F3BC83675B8DD3529BDFCEB3854BDD9D4597480D4570D8168C3DB868AB474CA"
"E:\ASUS-TUF-A15-Failure-Analysis-main\evidence\runs\2025-08-18_15-47-27\system_display_errors_2025-08-18_15-47-27.csv","SHA256","F1945CD6C19E56B3C1C78943EF5EC18116907A4CA1EFC40A57D48AB1DB7ADFC5"
"E:\ASUS-TUF-A15-Failure-Analysis-main\evidence\runs\2025-08-18_15-47-27\System_Log_2025-08-18_15-47-27.evtx","SHA256","D90225412A2F509AD5922DA1A5C8DCEB2B2BAA3F62D55980249DD89602BFD15B"
"E:\ASUS-TUF-A15-Failure-Analysis-main\evidence\runs\2025-08-18_15-47-27\system_nvlddmkm_errors_2025-08-18_15-47-27.csv","SHA256","F1945CD6C19E56B3C1C78943EF5EC18116907A4CA1EFC40A57D48AB1DB7ADFC5"
"E:\ASUS-TUF-A15-Failure-Analysis-main\evidence\runs\2025-08-18_15-47-27\system_whea_errors_2025-08-18_15-47-27.csv","SHA256","F1945CD6C19E56B3C1C78943EF5EC18116907A4CA1EFC40A57D48AB1DB7ADFC5"
"E:\ASUS-TUF-A15-Failure-Analysis-main\evidence\runs\2025-08-18_15-47-27\timeline.md","SHA256","39EB07C8853B0ECD758582C76527F1326D524E9C60342910FCEB64DCC8185C31"
"E:\ASUS-TUF-A15-Failure-Analysis-main\reports\.gitkeep","SHA256","01BA4719C80B6FE911B091A7C05124B64EEECE964E09C058EF8F9805DACA546B"
"E:\ASUS-TUF-A15-Failure-Analysis-main\reports\Event_Viewer_Critical_Kernel_Power_Failures.png","SHA256","71685448E6190CD4F227E2D835292D34A3F184F1FA0AB4C7957CEE91292E7AA8"
"E:\ASUS-TUF-A15-Failure-Analysis-main\reports\Reliability_Monitor_Crash_Summary_Overview.png","SHA256","1821E6E58BDB90307CC496BF6462F01C58D1DA33577D44205CDF9F32488466BD"
"E:\ASUS-TUF-A15-Failure-Analysis-main\reports\Reliability_Monitor_Critical_Events_List.png","SHA256","A91851A07E522C14360EBAD6F42488A66E024FE9C551AA21E5D87F15F911A7CB"
"E:\ASUS-TUF-A15-Failure-Analysis-main\reports\Reliability_Monitor_NVIDIA_Service_Crash_Detail.png","SHA256","2A34CFAF9AF1BD81A575F08264F48BB2B0EDD4B863C9AC393C75293402731D95"
"E:\ASUS-TUF-A15-Failure-Analysis-main\reports\Reliability_Report_2025-08-16.XML","SHA256","98E834DB132CD46C7399BC8CF4B5C2BD43704BC272784915D11EC1DE83CE92C0"
"E:\ASUS-TUF-A15-Failure-Analysis-main\reports\Reliability_Report_2025-08-17.XML","SHA256","BD7E76A348EAD60CBE13E07E61F7E321CC4B15A9A483790FB0DB4B9B9DEE0AB5"
"E:\ASUS-TUF-A15-Failure-Analysis-main\reports\Reliability_Report_2025-08-18.XML","SHA256","8954C5780D33B1BC175F83E0D9A1BCCFDBC0A8209FB4EBDA8010645C3034DB78"
"E:\ASUS-TUF-A15-Failure-Analysis-main\scripts\.gitkeep","SHA256","01BA4719C80B6FE911B091A7C05124B64EEECE964E09C058EF8F9805DACA546B"
"E:\ASUS-TUF-A15-Failure-Analysis-main\scripts\collect_baseline.ps1","SHA256","9A7A9D40F1A2C7A4EE1115C3BED5209506E7B3740C24C9AD9B12B75B6D547437"
"E:\ASUS-TUF-A15-Failure-Analysis-main\scripts\create_logon_task.ps1","SHA256","9FAE4833866F93C9A6EA53C350F33A9066E8BF8B406C08ADC7DAE79D9EB5393D"
"E:\ASUS-TUF-A15-Failure-Analysis-main\scripts\export_eventlogs.ps1","SHA256","52EB252E22D43FE255F01FE06F5029502A7891A7EF2FD347A4F3AE0A67F26A34"
"E:\ASUS-TUF-A15-Failure-Analysis-main\scripts\gpu_watchdog.ps1","SHA256","943E6F6D91F9B559298C107F0AD784F7A5BB1C0006C0018CAABAA4A30B840CF9"
"E:\ASUS-TUF-A15-Failure-Analysis-main\scripts\make_timeline.ps1","SHA256","631E3B5FE206E1E4157B9D9A98E6E47D800D110B0C1C5AF867BDAD5631535D7A"
"E:\ASUS-TUF-A15-Failure-Analysis-main\scripts\package_evidence.ps1","SHA256","D79F14136DE90BCEA9CA147CD1EA9D8D5A8AD7690A8CFAE17C1D9F7840A494D2"
"E:\ASUS-TUF-A15-Failure-Analysis-main\scripts\redact_text.ps1","SHA256","1D6344F63D51C8577136E75E339693418635C24ECEF9371BCCEF245BB9A7471E"
"E:\ASUS-TUF-A15-Failure-Analysis-main\snippets\.gitkeep","SHA256","01BA4719C80B6FE911B091A7C05124B64EEECE964E09C058EF8F9805DACA546B"
"E:\ASUS-TUF-A15-Failure-Analysis-main\snippets\Crash_2025-08-16_16-12_Bugcheck-159.txt","SHA256","0EDDBB6D5BDE8DE5F9CA1DDF84C105D62EEB43B5A5DE2181B451F2BC1C7BCBB2"
"E:\ASUS-TUF-A15-Failure-Analysis-main\snippets\Crash_2025-08-17_01-37_Bugcheck-0.txt","SHA256","9E25C80FB80DF0DE5B4FD072B7F273D5BA6A46383163146DEDB103ED66E8D0B4"
"E:\ASUS-TUF-A15-Failure-Analysis-main\snippets\Crash_2025-08-18_09-09_Bugcheck-0.txt","SHA256","0AA1FABB0086A70C38E4A8E81B90CC9CFEDDF1045E23C6C0A9D51613EE513DE3"
"E:\ASUS-TUF-A15-Failure-Analysis-main\snippets\Crash_2025-08-18_11-39_Bugcheck-0.txt","SHA256","FD6D1F5167B0BABCE0E2827D24F6D09C7FEB0BD23793B11ABD3CB8E47EC9B6F3"
"E:\ASUS-TUF-A15-Failure-Analysis-main\Video_Evidence\Video_Links.md","SHA256","01D2A6EE920178C4D5F337D312AAC9B29F12015F76F531B2F49804110511D634"
